<?xml version="1.0" encoding="UTF-8"?>
<beans xmlns="http://www.springframework.org/schema/beans"
       xmlns:util="http://www.springframework.org/schema/util"
       xmlns:task="http://www.springframework.org/schema/task"
       xmlns:xsi="http://www.w3.org/2001/XMLSchema-instance"
       xsi:schemaLocation="
           http://www.springframework.org/schema/beans http://www.springframework.org/schema/beans/spring-beans.xsd
           http://www.springframework.org/schema/util http://www.springframework.org/schema/util/spring-util.xsd
           http://www.springframework.org/schema/task http://www.springframework.org/schema/task/spring-task.xsd
       ">

    <bean id="jdbcTemplateForCodeList" class="org.springframework.jdbc.core.JdbcTemplate">
        <property name="dataSource" ref="dataSource" />
        <property name="fetchSize" value="${codelist.jdbc.fetchSize:1000}" />
    </bean>

    <bean id="AbstractJdbcCodeList" class="org.terasoluna.gfw.common.codelist.JdbcCodeList" abstract="true">
        <property name="jdbcTemplate" ref="jdbcTemplateForCodeList" />
    </bean>

    <!-- defines code lists -->
    <bean id="CL_BIRTH_YEAR" class="org.terasoluna.gfw.common.codelist.NumberRangeCodeList">
        <property name="from" value="1940" />
        <property name="to" value="2000" />
    </bean>

    <bean id="CL_MONTH" class="org.terasoluna.gfw.common.codelist.NumberRangeCodeList">
        <property name="from" value="1" />
        <property name="to" value="12" />
        <property name="valueFormat" value="%d" />
        <property name="labelFormat" value="%02d" />
    </bean>

    <bean id="CL_DAY" class="org.terasoluna.gfw.common.codelist.NumberRangeCodeList">
        <property name="from" value="1" />
        <property name="to" value="31" />
        <property name="valueFormat" value="%d" />
        <property name="labelFormat" value="%02d" />
    </bean>

    <util:map id="tourDaysMapJa">
        <entry key="0" value="制限なし" />
        <entry key="1" value="日帰り" />
        <entry key="2" value="1泊以下" />
        <entry key="3" value="2泊以下" />
        <entry key="4" value="3泊以下" />
        <entry key="5" value="4泊以下" />
        <entry key="6" value="5泊以下" />
    </util:map>

    <bean id="CL_TOUR_DAYS" class="org.terasoluna.gfw.common.codelist.i18n.SimpleI18nCodeList">
        <property name="rows">
            <util:map key-type="java.util.Locale" value-type="java.util.LinkedHashMap"
                map-class="java.util.LinkedHashMap">
                <entry key="en">
                    <util:map key-type="java.lang.String"
                        value-type="java.lang.String" map-class="java.util.LinkedHashMap">
                        <entry key="0" value="Unlimited" />
                        <entry key="1" value="Single-day" />
                        <entry key="2" value="Within one night" />
                        <entry key="3" value="Within two nights" />
                        <entry key="4" value="Within three nights" />
                        <entry key="5" value="Within four nights" />
                        <entry key="6" value="Within five nights" />
                    </util:map>
                </entry>
                <entry key="ja" value-ref="tourDaysMapJa" />
                <entry key="ja_JP" value-ref="tourDaysMapJa" />
            </util:map>
        </property>
    </bean>

    <util:map id="basePriceMapJa">
        <entry key="0" value="上限なし" />
        <entry key="10000" value="10,000円以下" />
        <entry key="20000" value="20,000円以下" />
        <entry key="30000" value="30,000円以下" />
        <entry key="40000" value="40,000円以下" />
        <entry key="50000" value="50,000円以下" />
    </util:map>

    <bean id="CL_BASE_PRICE" class="org.terasoluna.gfw.common.codelist.i18n.SimpleI18nCodeList">
        <property name="rows">
            <util:map key-type="java.util.Locale" value-type="java.util.LinkedHashMap" map-class="java.util.LinkedHashMap">
                <entry key="en">
                    <util:map key-type="java.lang.String" value-type="java.lang.String" map-class="java.util.LinkedHashMap">
                        <entry key="0" value="unlimited" />
                        <entry key="10000" value="Less than ¥10,000" />
                        <entry key="20000" value="Less than ¥20,000" />
                        <entry key="30000" value="Less than ¥30,000" />
                        <entry key="40000" value="Less than ¥40,000" />
                        <entry key="50000" value="Less than ¥50,000" />
                    </util:map>
                </entry>
                <entry key="ja" value-ref="basePriceMapJa" />
                <entry key="ja_JP" value-ref="basePriceMapJa" />
            </util:map>
        </property>
    </bean>

    <util:map id="existenceMapJa">
        <entry key="0" value="無" />
        <entry key="1" value="有" />
    </util:map>

    <bean id="CL_EXISTENCE"
          class="org.terasoluna.gfw.common.codelist.i18n.SimpleI18nCodeList">
        <property name="rows">
            <util:map key-type="java.util.Locale" value-type="java.util.LinkedHashMap" map-class="java.util.LinkedHashMap">
                <entry key="en">
                    <util:map key-type="java.lang.String" value-type="java.lang.String" map-class="java.util.LinkedHashMap">
                        <entry key="0" value="No" />
                        <entry key="1" value="Yes" />
                    </util:map>
                </entry>
                <entry key="ja" value-ref="existenceMapJa" />
                <entry key="ja_JP" value-ref="existenceMapJa" />
            </util:map>
        </property>
    </bean>

    <bean id="CL_ADULT_COUNT" class="org.terasoluna.gfw.common.codelist.NumberRangeCodeList">
        <property name="from" value="1" />
        <property name="to" value="5" />
    </bean>

    <bean id="CL_CHILD_COUNT" class="org.terasoluna.gfw.common.codelist.NumberRangeCodeList">
        <property name="from" value="1" />
        <property name="to" value="5" />
    </bean>

    <bean id="CL_PREF" parent="AbstractJdbcCodeList">
        <property name="querySql" value="SELECT arr_code, arr_name FROM arrival ORDER BY arr_code" />
        <property name="valueColumn" value="arr_code" />
        <property name="labelColumn" value="arr_name" />
    </bean>

    <!-- define task schedulers -->
    <task:scheduler id="taskScheduler"/>
    <task:scheduled-tasks scheduler="taskScheduler">
        <task:scheduled ref="CL_PREF" method="refresh" cron="${cron.codelist.refreshTime}"/>
    </task:scheduled-tasks>

</beans>
