<?xml version="1.0" encoding="UTF-8"?>
<beans xmlns="http://www.springframework.org/schema/beans"
       xmlns:xsi="http://www.w3.org/2001/XMLSchema-instance"
       xmlns:context="http://www.springframework.org/schema/context"
       xsi:schemaLocation="
           http://www.springframework.org/schema/beans http://www.springframework.org/schema/beans/spring-beans.xsd
           http://www.springframework.org/schema/context http://www.springframework.org/schema/context/spring-context.xsd
       ">

    <import resource="classpath:/META-INF/spring/terasoluna-tourreservation-domain.xml" />

    <bean id="passwordEncoder" class="org.springframework.security.crypto.bcrypt.BCryptPasswordEncoder" />

    <context:property-placeholder location="classpath*:/META-INF/spring/*.properties" />

    <bean class="org.dozer.spring.DozerBeanMapperFactoryBean">
        <property name="mappingFiles" value="classpath*:/META-INF/dozer/**/*-mapping.xml" />
    </bean>

    <bean id="messageSource" class="org.springframework.context.support.ResourceBundleMessageSource">
        <property name="basenames">
            <list>
                <value>i18n/domain-messages</value>
                <value>i18n/application-messages</value>
                <value>ValidationMessages</value>
            </list>
        </property>
    </bean>

    <bean id="exceptionCodeResolver" class="org.terasoluna.gfw.common.exception.SimpleMappingExceptionCodeResolver">
        <property name="exceptionMappings">
            <map>
                <entry key="BusinessException" value="e.tr.fw.0003" />
            </map>
        </property>
        <property name="defaultExceptionCode" value="e.tr.fw.0003" />
    </bean>

    <bean id="exceptionLogger" class="org.terasoluna.gfw.common.exception.ExceptionLogger">
        <property name="exceptionCodeResolver" ref="exceptionCodeResolver" />
    </bean>

    <bean id="exceptionLoggingFilter" class="org.terasoluna.gfw.web.exception.ExceptionLoggingFilter" >
        <property name="exceptionLogger" ref="exceptionLogger" />
    </bean>

</beans>
